{"stats":{"minecraft:picked_up":{"minecraft:black_carpet":48,"minecraft:pink_carpet":5,"minecraft:redstone":3,"minecraft:white_carpet":6,"minecraft:gold_ingot":63,"minecraft:redstone_torch":2,"minecraft:warped_sign":3,"minecraft:written_book":183,"minecraft:spruce_sign":1},"minecraft:used":{"minecraft:shroomlight":8,"minecraft:redstone_torch":35,"minecraft:black_terracotta":294,"minecraft:glass":44,"minecraft:lever":20,"minecraft:black_wool":7,"minecraft:light":15,"minecraft:black_concrete":56,"minecraft:honeycomb":7,"minecraft:orange_concrete":34,"minecraft:yellow_stained_glass":4,"minecraft:red_concrete":29,"minecraft:spruce_wood":47,"minecraft:red_stained_glass":9,"minecraft:redstone":114,"minecraft:verdant_froglight":7,"minecraft:chest":27,"minecraft:black_carpet":311,"minecraft:lectern":1,"minecraft:spruce_planks":45,"minecraft:tinted_glass":8,"minecraft:cherry_sign":3,"minecraft:redstone_block":113,"minecraft:spruce_sign":8,"minecraft:white_dye":13,"minecraft:warped_sign":12,"minecraft:glow_ink_sac":13,"minecraft:yellow_wool":19,"minecraft:pink_concrete":8,"minecraft:white_wool":5,"minecraft:light_gray_wool":35,"minecraft:orange_stained_glass":134,"minecraft:repeater":49,"minecraft:red_carpet":162,"minecraft:redstone_lamp":27,"minecraft:comparator":7,"minecraft:black_stained_glass":117,"minecraft:white_carpet":73,"minecraft:written_book":6,"minecraft:painting":7,"minecraft:trapped_chest":2,"minecraft:spruce_stairs":4,"minecraft:pink_carpet":66,"minecraft:yellow_concrete":7,"minecraft:polished_blackstone_button":14,"minecraft:gray_concrete":127,"minecraft:ochre_froglight":8,"minecraft:white_concrete":694,"minecraft:pearlescent_froglight":67,"minecraft:mangrove_sign":2,"minecraft:spruce_log":13,"minecraft:gray_stained_glass":10},"minecraft:custom":{"minecraft:time_since_rest":6572944,"minecraft:sprint_one_cm":227502,"minecraft:walk_one_cm":302614,"minecraft:drop":27,"minecraft:fly_one_cm":12238205,"minecraft:open_chest":18,"minecraft:crouch_one_cm":4657,"minecraft:play_time":6572944,"minecraft:sneak_time":238225,"minecraft:interact_with_lectern":1,"minecraft:jump":4638,"minecraft:leave_game":13,"minecraft:time_since_death":6572944,"minecraft:total_world_time":6594177},"minecraft:dropped":{"minecraft:spruce_sign":3,"minecraft:red_concrete":1,"minecraft:lever":2,"minecraft:glow_ink_sac":2,"minecraft:repeater":1,"minecraft:black_carpet":8,"minecraft:chest":1,"minecraft:spruce_wood":1,"minecraft:white_carpet":1,"minecraft:redstone_torch":1,"minecraft:spruce_log":1,"minecraft:white_dye":1,"minecraft:honeycomb":1,"minecraft:iron_axe":1,"minecraft:warped_sign":4,"minecraft:black_concrete":2,"minecraft:spruce_stairs":1,"minecraft:written_book":1,"minecraft:lectern":1,"minecraft:gold_ingot":63,"minecraft:redstone":3}},"DataVersion":3700}