{"stats":{"minecraft:picked_up":{"minecraft:gold_ingot":6},"minecraft:used":{"minecraft:glass":14,"minecraft:redstone_block":55,"minecraft:written_book":3,"minecraft:stripped_birch_wood":52,"minecraft:redstone_torch":169},"minecraft:custom":{"minecraft:jump":2893,"minecraft:open_chest":2,"minecraft:time_since_rest":5819041,"minecraft:crouch_one_cm":3886,"minecraft:leave_game":7,"minecraft:play_time":5819041,"minecraft:sprint_one_cm":99570,"minecraft:time_since_death":5819041,"minecraft:walk_one_cm":81947,"minecraft:sneak_time":377303,"minecraft:total_world_time":5819041,"minecraft:drop":69,"minecraft:fly_one_cm":9419393},"minecraft:dropped":{"minecraft:gold_ingot":69}},"DataVersion":3700}